LONGITUDE,LATITUDE,COUNT,TERMINAL
-77.0444,38.9101,439746,31200
-77.00493,38.89696,424648,31623
-77.03442692756653,38.909800626551906,320999,31201
-77.0494365,38.888255,300727,31258
-77.032427,38.8885525,289246,31247
-77.032096,38.917764500000004,248597,31101
-77.038252,38.915544,231134,31229
-77.0387,38.9121,229955,31214
-77.0325,38.9059,218691,31241
-76.99473559856416,38.884260087971725,217264,31613
-77.02308599999999,38.8997,214308,31228
-77.0323,38.9086,198596,31203
-77.009888,38.897446,194004,31624
-77.01902700000001,38.903040000000004,192149,31600
-77.02869399999999,38.888774,185904,31248
-77.037413,38.879819,181237,31249
-77.03200799999999,38.913046,180965,31202
-77.0221906900406,38.89728304853854,180372,31232
-77.03335404396056,38.89903234416315,177411,31222
-77.0446,38.9154,177363,31110
-77.04731762409209,38.90571079190728,175404,31212
-77.005483,38.905696999999996,169074,31603
-77.03863,38.90276,166485,31213
-77.04258100000001,38.922925,162280,31104
-77.027869,38.898364,162234,31230
-77.01770067214966,38.88637194054526,161329,31243
-77.056887,38.905126,159754,31246
-77.053485,38.903827,154900,31237
-77.06269,38.90375,153274,31225
-77.04644858837128,38.90071062547464,151701,31205
-77.05914150000001,38.902314000000004,148395,31215
-77.031617,38.894514,147498,31231
-77.0178975,38.876697,147435,31108
-77.026013,38.893028,146563,31219
-77.03980207443237,38.90599569999115,141044,31239
-77.038322,38.902060999999996,135299,31233
-77.02226999999999,38.905737,134550,31223
-77.0222,38.9155,134220,31109
-77.032278,38.898409,132702,31238
-77.001949,38.900412,130477,31616
-77.029822,38.900283,128028,31227
-77.02224100000001,38.886266,127361,31218
-76.988355,38.890461,124943,31619
-77.048911,38.90088,124099,31257
-77.04478,38.908905,123978,31234
-77.04177886247633,38.905066874553135,123560,31221
-77.02824175357819,38.886276945065106,123522,31217
-77.0315,38.9308,122851,31602
-77.0259,38.9172,122808,31111
-77.019347,38.897222,119948,31620
-77.04061999999999,38.917761,119733,31116
-77.0436,38.8923,116600,31235
-77.017445,38.88412,114616,31244
-77.070993,38.897315,113931,31014
-77.018677,38.900929999999995,113340,31265
-77.013917,38.892275,112992,31271
-77.000349,38.889955,111181,31618
-77.022155,38.912719,111036,31245
-76.996806,38.886952,108571,31610
-77.027313,38.9055785,106420,31266
-76.98825001716614,38.90042673988099,105874,31611
-77.00572729110719,38.878854378063295,103469,31628
-77.038359,38.908142,102296,31267
-77.04656999999999,38.88412,100560,31240
-77.0135,38.9126,100255,31503
-77.045,38.8963,98028,31204
-77.0023,38.8851,97431,31605
-77.031686,38.899632000000004,97297,31216
-77.041539,38.89968,97174,31242
-77.027822,38.929464,96489,31102
-77.028139,38.916787,94189,31268
-77.012289,38.915417,93424,31506
-76.987633,38.894832,93294,31622
-77.0388,38.9319,93257,31107
-77.015289,38.899408,93236,31604
-76.998347,38.899972,91061,31615
-77.013769,38.886978000000006,90892,31272
-77.071652,38.907740000000004,88912,31236
-77.03542068600655,38.92612422246211,88877,31103
-77.026064,38.895914000000005,88648,31256
-77.0021304488182,38.90546971494327,87359,31627
-77.0424520969391,38.90374145091938,87182,31224
-77.0322,38.9268,87086,31105
-77.0037,38.8763,84927,31208
-76.99591577053069,38.894840642470754,84752,31612
-77.01994,38.894573,84730,31264
-77.03353,38.902,84712,31254
-77.05152,38.9066,83858,31255
-77.02622,38.9024,83124,31263
-77.0284,38.903819,81606,31251
-77.050046,38.923583,80771,31121
-77.04157099999999,38.918809,80454,31114
-77.02324,38.894851,78986,31270
-77.03973233699799,38.89828294952361,78067,31277
-77.0429,38.9003,76881,31100
-77.046587,38.894919,75249,31220
-77.047637,38.923203,74451,31106
-76.991383,38.899983,74382,31614
-77.00195500000001,38.887378000000005,73829,31269
-76.9862,38.8803,69809,31606
-77.031887,38.921074,68805,31119
-76.98790669441223,38.882915484767615,67841,31607
-77.02418088912964,38.9366839345886,67721,31400
-77.041834,38.912648,67235,31278
-77.026975,38.897857,64693,31262
-77.063586,38.90849,62785,31312
-77.072305,38.8946,62608,31015
-77.02277,38.908640000000005,62116,31281
-77.04938299999999,38.890539000000004,61419,31289
-77.001828,38.881184999999995,60627,31625
-77.01610600000001,38.895344,60494,31621
-77.051084,38.901755,60267,31275
-77.0024,38.875009999999996,58203,31634
-77.046564,38.901539,57886,31252
-77.02305436134337,38.87869359939696,57776,31609
-77.04368000000001,38.920669000000004,57004,31113
-77.0172465,38.8904955,56016,31288
-76.994749,38.897273999999996,55925,31631
-77.05113172531128,38.857404962615036,55477,31007
-77.00495,38.910971999999994,54473,31505
-77.06752850000001,38.9037315,54110,31314
-77.04337,38.902204,53910,31253
-77.049882,38.896104,53768,31260
-77.04656700000001,38.892459,52434,31261
-77.044789,38.903584,51734,31250
-76.98356899999999,38.88732,50003,31626
-77.034918,38.903649,48886,31276
-77.0328,38.9375,48829,31401
-77.017669,38.912659000000005,48425,31509
-77.0352,38.92333,48011,31117
-77.02623546123505,38.89824328774852,47623,31274
-77.057979,38.934267,47110,31305
-76.9953,38.8792,46545,31608
-77.0057,38.8743,46431,31209
-77.038325,38.888096999999995,43931,31290
-77.0436,38.8952,43602,31206
-77.05556999999999,38.897293,43319,31211
-77.02379465103151,38.92812111132096,42675,31115
-76.995193,38.889988,42034,31629
-77.01597,38.917621999999994,41713,31118
-76.982872,38.900413,41596,31617
-77.063896,38.944551000000004,40368,31300
-77.04923199999999,38.856425,40281,31002
-77.049723,38.852928999999996,39825,31011
-77.01536044478415,38.90733256111448,39675,31636
-77.071301,38.889920000000004,39578,31077
-77.008911,38.899703,39416,31637
-77.012108,38.900358000000004,39398,31638
-77.051514,38.848465999999995,39019,31009
-77.0682,38.916441999999996,38315,31226
-77.025762,38.887312,38308,31633
-76.9769,38.8896,37973,31601
-77.059936,38.862303000000004,36792,31005
-77.055599,38.930282,36480,31307
-77.11176800000001,38.881044,36243,31037
-77.027025,38.913761,34957,31280
-77.00366600000001,38.89967,34940,31639
-76.983326,38.889908,34893,31630
-76.983575,38.897195,34722,31632
-77.103148,38.882788,33206,31024
-76.9941,38.90509,32632,31508
-77.025672,38.920387,32025,31120
-77.0502,38.8426,31258,31010
-77.072755,38.934881,31017,31302
-77.052808,38.814577,31007,31047
-77.079382,38.947607,30250,31303
-77.043182,38.898412,30197,31279
-77.049417,38.861056,29947,31003
-77.043358,38.927872,29715,31112
-77.0251,38.9418,29435,31404
-77.0846,38.891696,28913,31017
-77.000648,38.919077,28788,31500
-77.003135,38.894971999999996,28623,31641
-77.043363,38.804718,28602,31042
-77.0633,38.8637,28096,31006
-77.09525674581528,38.88701007722296,27584,31022
-77.045128,38.894721999999994,27395,31259
,,26949,31008
-77.0222,38.9249,26736,31207
-77.076389,38.893438,26502,31016
-77.048728,38.909394,26476,31285
-77.036278,38.912652,25257,31282
-77.03023,38.878433,24209,31273
-77.084801,38.890612,24144,31089
-77.040363,38.803124,24120,31041
-77.03173699999999,38.903658,23229,31283
-77.02714,38.908429999999996,22918,31286
-76.99707,38.907908,22420,31517
-76.987211,38.903732,22227,31512
-77.107854,38.880012,22190,31039
-77.070334,38.922581,21862,31304
-77.060626745224,38.80576284873485,21367,31048
-77.087171,38.938736,21081,31301
-77.016855,38.975219,20805,31408
-77.032224,38.928552,20640,31124
-76.9927856326103,38.8962260397813,20085,31640
-77.08900600000001,38.89593,19962,31030
-77.09774499999999,38.885801,19922,31023
-76.992889,38.932514000000005,19031,31504
-77.05341160297394,38.854380515177496,18639,31013
-77.10936600000001,38.882629,18549,31034
-77.05332,38.85725,18443,31001
-77.012365,38.908643,18384,31519
-77.077271,38.922649,18151,31306
-77.049883,38.805316999999995,17979,31044
-77.069956,38.955016,17871,31310
-77.086502,38.896923,17682,31029
-77.034449,38.9190185,17460,31125
-77.0889,38.8904,17269,31020
-77.09308,38.8881,16771,31021
-77.033234,38.892244,16083,31321
-77.04463273286821,38.81074147938705,16067,31043
-77.0326781272888,38.94247535560285,16067,31406
-77.0925,38.889,15914,31019
-77.005965,38.884916,15910,31643
-77.05949,38.857865999999994,15671,31004
-77.05152,38.850688,15358,31012
-76.9955,38.9346,15336,31502
-77.08095,38.89054,15093,31031
-77.10783,38.88397,14698,31025
-77.012457,38.928743,14229,31507
-77.10773499999999,38.876393,14222,31035
-76.995876,38.920682,14213,31516
-76.99446800000001,38.876737,14183,31635
-77.04154399999999,38.893511,13947,31284
-77.077078,38.943837,13711,31308
-77.079375,38.892164,13006,31018
-77.077294,38.889365000000005,12991,31051
-77.03445106744765,38.901136451737045,12860,31291
-77.080851,38.897612,12472,31080
-77.004746,38.918155,12446,31513
-77.1207,38.87887,12267,31036
-77.065149,38.905368,12217,31295
-77.050537,38.844015,12155,31052
-77.032818,38.947774,12148,31402
-77.085998,38.961763,12132,32014
-77.10108000000001,38.884615999999994,11569,31040
-77.089555,38.84232,11511,31060
-77.097426,38.981103000000004,11411,32002
-77.06017299999999,38.902826,11353,31293
-77.093485,38.884734,11325,31026
-77.061977237463,38.94113915653008,11179,31313
-77.05293,38.805648,10975,31045
-77.07857,38.893993,10948,31027
-77.03625,38.928893,10739,31122
-77.086063,38.893237,10574,31028
-77.116817,38.883921,10458,31038
-77.107906,38.871821999999995,10300,31069
-77.113905,38.883669,10228,31049
-77.08596,38.880705,10185,31065
-76.994637,38.862669,9995,31801
-77.063562,38.802677,9794,31084
-77.032947,38.956432,9786,31407
-76.990955,38.928644,9728,31511
-76.974828,38.894474,9654,31712
-77.006472,38.977933,9530,32026
-77.058541,38.82595,9524,31086
-77.094537,38.984691,9376,32048
-77.05323,38.858971000000004,9346,31000
-77.103381,38.964991999999995,9322,32046
-77.034674,38.905424,9238,31298
-77.02601015567778,38.88432272414662,9023,31287
-77.08776999999999,38.884961,9001,31050
-76.991016,38.933668,8636,31501
-77.09169,38.894940999999996,8558,31079
-77.050264,38.905303,8548,31128
-77.047494,38.82175,8545,31083
-77.01981425285341,38.95655554772196,8494,31403
-77.10098862648009,38.850336577884455,8425,31033
-77.05981700000001,38.80704,8408,31098
-76.997194,38.927496999999995,8310,31514
-77.04564,38.912644,8309,31299
-76.988039,38.867373,8308,31802
-77.048947,38.892441,8229,31292
-76.9984048604965,38.90293157359119,8044,31645
-76.983683,38.915603999999995,7641,31518
-77.032375,38.925284000000005,7585,31123
-77.08031899999999,38.863833,7518,31053
-77.027333,38.949662,7422,31405
-77.082426,38.954812,7360,31309
-76.96011999999999,38.896544,7187,31708
-77.063275,38.859254,7164,31091
-77.021741,38.88345,7111,31294
-77.044097,38.812718,7094,31097
-77.053096,38.820932,7041,31087
-77.072315,38.867262,7011,31066
-77.08659899999999,38.862478,6942,31067
-77.070862,38.89386,6871,31917
-77.059821,38.833077,6826,31088
-77.050276,38.811456,6753,31046
-77.011336,38.98128,6674,32010
-77.069275,38.846222,6530,31055
-77.05761899999999,38.820064,6488,31085
-77.027112,38.925636,6479,31126
-77.098029,38.989540000000005,6254,32008
-77.006311,38.983627,6206,32011
-77.09079200000001,38.88081,6095,31032
-77.089233,38.873754999999996,6052,31070
-77.040787,38.924088,5860,31296
-77.04885238395946,38.898925467168425,5793,31127
-77.082104,38.873219,5708,31073
-77.100104,38.992375,5620,32027
-77.095596,38.869417999999996,5612,31074
-77.02560799999999,38.997033,5383,32036
-77.047844,38.829545,5364,31916
-77.01120999999999,38.975,5252,32025
-77.07513481378554,38.964543509245885,5226,31315
-77.07510400000001,38.847977,5122,31056
-77.085931,38.8444,5067,31057
-77.01600551605225,38.90240556584194,5050,31642
-77.060866,38.804378,4963,31081
-77.094589,38.977092999999996,4947,32029
-77.09536700000001,38.983525,4890,32013
-77.096539,38.988562,4878,32000
-77.02308199999999,38.985403999999996,4854,32001
-77.09713,38.895377,4841,31094
-76.985238,38.866611,4801,31803
-76.990121,38.882489,4734,31644
-77.0333808660507,38.89646474748647,4682,31129
-76.97101500000001,38.873057,4649,31805
-77.05428,38.862753000000005,4598,31071
-77.065115,38.947156,4595,31318
-77.08865899999999,38.96115,4533,32040
-77.078317,38.898984000000006,4526,31093
-77.0291242003441,38.995256441231696,4514,32012
-77.10450300000001,38.869442,4509,31078
-77.09199100000001,38.982456,4507,32021
-77.068952,38.801111,4485,31082
-77.11153,38.856319,4474,31068
-77.023854,38.989724,4322,32024
-77.095431,38.847359999999995,4212,31059
-77.10502199999999,38.852247999999996,4161,31063
-76.97892399999999,38.927095,4143,31510
-77.02935,38.990249,4115,32019
-77.04069100000001,38.812351,4039,31918
-77.166093,39.119765,4017,32045
-77.0487,38.798133,3998,31907
-77.02941700000001,38.986999999999995,3953,32006
-77.05415500000001,38.8995,3928,31297
-77.08708299999999,38.839912,3907,31076
-77.002721,38.952369,3727,31515
-77.05003,38.865553000000006,3694,31090
-77.093522,38.979875,3667,32055
-76.971923,38.91263,3476,31520
-77.03037142753602,38.994034850608365,3250,32034
-76.9784,38.865784000000005,3123,31804
-76.990037,38.863896999999994,3044,31807
-77.09221,38.983838,2864,32003
-77.100239,38.990639,2854,32028
-77.104562,38.896456,2853,31092
-76.947446,38.897063,2845,31703
-77.0447,38.799267,2746,31903
-76.93723,38.889934999999994,2734,31707
-77.18266899999999,39.110314,2679,32038
-77.171487,39.114688,2620,32037
-77.3393914103508,38.94660792121498,2601,32215
-77.049468,38.813485,2583,31099
-77.109647,38.999634,2566,32039
-77.027855,38.961339,2440,31411
-77.1125502884388,38.847129045742605,2423,31054
-77.00356006622314,38.914751108831155,2414,31522
-77.000035,38.986743,2399,32049
-77.12711999999999,38.876528,2344,31902
-77.047783,38.818748,2287,31915
-77.08787,38.86612,2234,31096
-77.084636,38.958267,2233,31317
-77.06401600000001,38.843422,2200,31909
-76.947974,38.894,2099,31705
-77.023894,38.997445,2091,32043
-77.03155500000001,38.999388,2026,32035
-77.0628207921982,38.82005823354218,1957,31913
-77.15642720460892,38.885320719750744,1940,31904
-77.076986,38.994113,1881,32051
-77.097882,38.999378,1821,32053
-77.076131,38.866471000000004,1813,31075
-77.049265,38.822738,1794,31910
-77.061715,38.812711,1775,31906
-77.05376600000001,38.797557,1772,31914
-77.146866,39.084379,1744,32047
-77.02523599999999,38.88044,1651,31646
-77.151291,39.084125,1622,32007
,,1601,32020
-77.145803,39.085394,1591,32044
-77.135271,38.880992,1572,31905
-77.159048,39.095661,1570,32023
-77.192672,39.096312,1507,32004
-77.084918,38.848454,1485,31061
-77.359718,38.957037,1426,32214
-77.141378,39.076331,1415,32032
-77.080217,38.949813,1398,31319
-77.09586,38.860789000000004,1373,31058
-77.11298199999999,38.876695,1351,31919
-76.9993758201599,38.84322988730829,1293,31800
-77.039511,38.865029,1263,31064
-76.98782299999999,38.844711,1262,31806
-77.06812083721161,38.862150245214906,1258,31095
-77.12767099999999,38.884828999999996,1238,31901
-77.016311,38.990874,1172,32058
-77.118009,38.898301000000004,1167,31900
-77.177091,39.102212,1128,32033
-77.016258,38.968834,1122,31413
-77.038721,38.995681,1119,32056
-77.149162,39.083673,1114,32017
-77.082089,38.892556,1106,31924
-77.034499,38.997653,1098,32050
-76.941877,38.901385,1076,31704
-76.969184,38.861663,1041,31700
-76.982359,38.870695,1020,31812
-77.06309300000001,38.841291,983,31912
-77.164969,39.121327,976,32067
-76.979517,38.93293,972,31521
-77.11106600000001,38.888282000000004,952,31920
-77.08059,38.946182,945,31316
-77.04456299543382,39.025387196236316,915,32022
-77.002239,38.957463,914,31412
-77.188014,39.099376,912,32016
-77.196442,39.103091,904,32041
-77.06714000000001,38.896553000000004,904,31062
-76.931862,38.898536,902,31710
-76.9599,38.8692,898,31701
-77.340377,38.951443,857,32220
-77.087128,38.936298,839,31320
-77.351649,38.955079,825,32213
-77.222115,38.920939000000004,782,32204
-77.027976,38.967504999999996,772,31414
-77.217664,38.924437,750,32205
-77.16705948114395,39.125828111770346,745,32068
-76.9607,38.878,722,31702
-77.086031,38.828437,687,31908
-77.051168,38.999679,680,32054
-77.145213,39.094772,671,32009
-76.933099,38.908473,644,31711
-77.15741,39.123513,635,32018
-76.95210300000001,38.865590000000005,549,31706
-77.09347840000001,38.8378458,530,31072
-77.353414,38.960084,503,32218
-77.202501,39.093783,493,32005
-77.05102041363715,39.038423828518326,488,32062
,,462,32031
-77.35874100000001,38.959633000000004,460,32216
-77.008133,38.831516,451,31811
-77.340787,38.970411999999996,396,32223
,,394,32015
-77.142317,38.886047999999995,385,31921
-77.368416,38.955314,383,32219
-77.10714300000001,39.014716,366,32057
-77.047788,39.044887,364,32063
-77.194774,39.105295,335,32052
-77.357611,38.95534,312,32217
-77.196636,39.097636,311,32042
-77.04735,39.032029,290,32066
-77.225394,38.928919,285,32207
-77.053085,39.043271999999995,274,32065
-77.356324,38.960574,273,32212
-77.361902,38.962524,258,32210
-77.240654,38.929261,257,32200
-77.221179,38.919475,248,32203
-76.988311,38.98265,239,32059
-77.219261,38.931911,221,32206
,,187,31709
-76.925907,38.897407,168,31713
-77.227417,38.923083,154,32221
-77.231825,38.932635999999995,153,32208
-77.235955,38.92403,151,32201
-77.103728,38.858523999999996,144,31923
,,128,32030
-77.220157,38.915246,126,32222
-76.913563,38.891805,125,31714
-77.048395,39.035965000000004,121,32064
-77.338686,38.970046,121,32209
-77.0009,38.836,115,31816
-77.35428035259247,38.96420774100621,106,32225
-76.988422,38.988101,105,32061
-77.3630940914154,38.955170598044894,104,32224
-77.0078,38.915,103,31523
-77.192645,39.106971,93,32071
-77.16486,39.123329999999996,86,32069
-77.358815,38.962095,77,32211
-76.98185,38.846270000000004,61,31813
-77.20385999999999,39.105641999999996,52,32070
-77.00223000000001,38.82373,52,31818
-76.97556999999999,38.84377,32,31814
-77.00549699999999,38.824481,29,31817
,,28,32202
-77.202354,39.106152,16,32072
-76.949709,38.883010999999996,13,31715
-76.97703,38.84623,13,31815
-77.01033000000001,38.81909,4,31819
